{
  "method": "zero_shot_Qwen2.5-7B-Instruct",
  "model_name": "/home/linkco/exa/models/Qwen2.5-7B-Instruct",
  "eval_type": "zero_shot",
  "temperature": 0.1,
  "n_samples": 129,
  "parse_failures": 0,
  "correlations": {
    "method": "zero_shot_Qwen2.5-7B-Instruct",
    "n_valid": 129,
    "n_total": 129,
    "spearman_rho": -0.011977211425229513,
    "spearman_p": 0.8928366474791549,
    "kendall_tau": -0.01019022558016275,
    "kendall_p": 0.8956518016865888,
    "pearson_r": 0.07912799379748364,
    "pearson_p": 0.3727294569408673,
    "mae": 2.0310077519379846,
    "rmse": 2.3755864229097576,
    "exact_agreement_pct": 11.627906976744185,
    "within_1_pct": 37.98449612403101,
    "within_2_pct": 60.46511627906976,
    "pred_mean": 3.806201550387597,
    "pred_std": 0.5850530934608746,
    "pred_min": 0.0,
    "pred_max": 5.0
  },
  "level_analysis": {
    "0": {
      "count": 20,
      "pred_mean": 3.65,
      "pred_std": 0.9630680142129111,
      "pred_median": 4.0,
      "exact_agreement_pct": 5.0,
      "within_1_pct": 5.0
    },
    "1": {
      "count": 36,
      "pred_mean": 3.8333333333333335,
      "pred_std": 0.5,
      "pred_median": 4.0,
      "exact_agreement_pct": 0.0,
      "within_1_pct": 5.555555555555555
    },
    "2": {
      "count": 32,
      "pred_mean": 3.8125,
      "pred_std": 0.5266343608235224,
      "pred_median": 4.0,
      "exact_agreement_pct": 3.125,
      "within_1_pct": 18.75
    },
    "3": {
      "count": 26,
      "pred_mean": 3.8846153846153846,
      "pred_std": 0.423076923076923,
      "pred_median": 4.0,
      "exact_agreement_pct": 15.384615384615385,
      "within_1_pct": 96.15384615384616
    },
    "4": {
      "count": 12,
      "pred_mean": 3.75,
      "pred_std": 0.4330127018922193,
      "pred_median": 4.0,
      "exact_agreement_pct": 75.0,
      "within_1_pct": 100.0
    },
    "5": {
      "count": 3,
      "pred_mean": 4.0,
      "pred_std": 0.0,
      "pred_median": 4.0,
      "exact_agreement_pct": 0.0,
      "within_1_pct": 100.0
    }
  },
  "sample_results": [
    {
      "idx": 0,
      "consensus_score": 0,
      "predicted_score": 4.0,
      "raw_response": "4"
    },
    {
      "idx": 1,
      "consensus_score": 0,
      "predicted_score": 4.0,
      "raw_response": "4"
    },
    {
      "idx": 2,
      "consensus_score": 0,
      "predicted_score": 4.0,
      "raw_response": "4"
    },
    {
      "idx": 3,
      "consensus_score": 0,
      "predicted_score": 4.0,
      "raw_response": "4"
    },
    {
      "idx": 4,
      "consensus_score": 0,
      "predicted_score": 4.0,
      "raw_response": "4"
    },
    {
      "idx": 5,
      "consensus_score": 0,
      "predicted_score": 4.0,
      "raw_response": "4"
    },
    {
      "idx": 6,
      "consensus_score": 0,
      "predicted_score": 4.0,
      "raw_response": "4"
    },
    {
      "idx": 7,
      "consensus_score": 0,
      "predicted_score": 4.0,
      "raw_response": "4"
    },
    {
      "idx": 8,
      "consensus_score": 0,
      "predicted_score": 4.0,
      "raw_response": "4"
    },
    {
      "idx": 9,
      "consensus_score": 0,
      "predicted_score": 4.0,
      "raw_response": "4"
    },
    {
      "idx": 10,
      "consensus_score": 0,
      "predicted_score": 4.0,
      "raw_response": "4"
    },
    {
      "idx": 11,
      "consensus_score": 0,
      "predicted_score": 4.0,
      "raw_response": "4"
    },
    {
      "idx": 12,
      "consensus_score": 0,
      "predicted_score": 0.0,
      "raw_response": "0"
    },
    {
      "idx": 13,
      "consensus_score": 0,
      "predicted_score": 4.0,
      "raw_response": "4"
    },
    {
      "idx": 14,
      "consensus_score": 0,
      "predicted_score": 3.0,
      "raw_response": "3"
    },
    {
      "idx": 15,
      "consensus_score": 0,
      "predicted_score": 4.0,
      "raw_response": "4"
    },
    {
      "idx": 16,
      "consensus_score": 0,
      "predicted_score": 4.0,
      "raw_response": "4"
    },
    {
      "idx": 17,
      "consensus_score": 0,
      "predicted_score": 4.0,
      "raw_response": "4"
    },
    {
      "idx": 18,
      "consensus_score": 0,
      "predicted_score": 4.0,
      "raw_response": "4"
    },
    {
      "idx": 19,
      "consensus_score": 0,
      "predicted_score": 2.0,
      "raw_response": "2"
    },
    {
      "idx": 20,
      "consensus_score": 1,
      "predicted_score": 4.0,
      "raw_response": "4"
    },
    {
      "idx": 21,
      "consensus_score": 1,
      "predicted_score": 4.0,
      "raw_response": "4"
    },
    {
      "idx": 22,
      "consensus_score": 1,
      "predicted_score": 4.0,
      "raw_response": "4"
    },
    {
      "idx": 23,
      "consensus_score": 1,
      "predicted_score": 4.0,
      "raw_response": "4"
    },
    {
      "idx": 24,
      "consensus_score": 1,
      "predicted_score": 2.0,
      "raw_response": "2"
    },
    {
      "idx": 25,
      "consensus_score": 1,
      "predicted_score": 4.0,
      "raw_response": "4"
    },
    {
      "idx": 26,
      "consensus_score": 1,
      "predicted_score": 4.0,
      "raw_response": "4"
    },
    {
      "idx": 27,
      "consensus_score": 1,
      "predicted_score": 4.0,
      "raw_response": "4"
    },
    {
      "idx": 28,
      "consensus_score": 1,
      "predicted_score": 4.0,
      "raw_response": "4"
    },
    {
      "idx": 29,
      "consensus_score": 1,
      "predicted_score": 4.0,
      "raw_response": "4"
    },
    {
      "idx": 30,
      "consensus_score": 1,
      "predicted_score": 4.0,
      "raw_response": "4"
    },
    {
      "idx": 31,
      "consensus_score": 1,
      "predicted_score": 4.0,
      "raw_response": "4"
    },
    {
      "idx": 32,
      "consensus_score": 1,
      "predicted_score": 4.0,
      "raw_response": "4"
    },
    {
      "idx": 33,
      "consensus_score": 1,
      "predicted_score": 4.0,
      "raw_response": "4"
    },
    {
      "idx": 34,
      "consensus_score": 1,
      "predicted_score": 4.0,
      "raw_response": "4"
    },
    {
      "idx": 35,
      "consensus_score": 1,
      "predicted_score": 4.0,
      "raw_response": "4"
    },
    {
      "idx": 36,
      "consensus_score": 1,
      "predicted_score": 4.0,
      "raw_response": "4"
    },
    {
      "idx": 37,
      "consensus_score": 1,
      "predicted_score": 4.0,
      "raw_response": "4"
    },
    {
      "idx": 38,
      "consensus_score": 1,
      "predicted_score": 4.0,
      "raw_response": "4"
    },
    {
      "idx": 39,
      "consensus_score": 1,
      "predicted_score": 4.0,
      "raw_response": "4"
    },
    {
      "idx": 40,
      "consensus_score": 1,
      "predicted_score": 4.0,
      "raw_response": "4"
    },
    {
      "idx": 41,
      "consensus_score": 1,
      "predicted_score": 4.0,
      "raw_response": "4"
    },
    {
      "idx": 42,
      "consensus_score": 1,
      "predicted_score": 4.0,
      "raw_response": "4"
    },
    {
      "idx": 43,
      "consensus_score": 1,
      "predicted_score": 4.0,
      "raw_response": "4"
    },
    {
      "idx": 44,
      "consensus_score": 1,
      "predicted_score": 3.0,
      "raw_response": "3"
    },
    {
      "idx": 45,
      "consensus_score": 1,
      "predicted_score": 4.0,
      "raw_response": "4"
    },
    {
      "idx": 46,
      "consensus_score": 1,
      "predicted_score": 4.0,
      "raw_response": "4"
    },
    {
      "idx": 47,
      "consensus_score": 1,
      "predicted_score": 4.0,
      "raw_response": "4"
    },
    {
      "idx": 48,
      "consensus_score": 1,
      "predicted_score": 4.0,
      "raw_response": "4"
    },
    {
      "idx": 49,
      "consensus_score": 1,
      "predicted_score": 4.0,
      "raw_response": "4"
    },
    {
      "idx": 50,
      "consensus_score": 1,
      "predicted_score": 2.0,
      "raw_response": "2"
    },
    {
      "idx": 51,
      "consensus_score": 1,
      "predicted_score": 4.0,